S.No,Subject,Report / Details,PDF / Excel Link,Last Updated
1,"Comparative Statement Of Property Crimes",,,
2,"GCR Property Cases Reported For The Month Of August -2026",,,
3,"GCR Property Cases Reported Upto the Month Of August -2026",,,
4,"Property Crimes Performance During the Month Charge Sheet Progress - Station Wise",,,
5,"Property Crimes Performance Upto the Month Charge Sheet Progress - Station Wise",,,
6,"Grave Crime Cases - During the Month Gist of the Case (Head wise)",,,
7,"Snatching Cases - During the Month",,,
8,"Non-Grave Crime Cases – Jewels Theft Gist",,,
9,"Non-Grave Crime Cases – Mobile Phone Theft Gist",,,
10,"Non-Grave Crime Cases – Laptop Theft Gist",,,
11,"Non-Grave Crime Cases – Cash & Other Theft Gist",,,
12,"Law and Order Cases (Head Wise)",,,
13,"Special and Local Law Cases (Head Wise)",,,
14,"Missing Persons Details",,,
15,"Other Cases (Accidental fall)",,,
16,"Transfer cases",,,
17,"Old Case Detection",,,
18,"Disposal Cases Details abstract August -2026",,,
19,"194 BNSS Particulars",,,
20,"Juvenile Rescued Details",,,
21,"NBW, Summon, CSR Particulars",,,
22,"All UI & PT, Grave UI & PT, Not Taken on file Abstract",,,
23,"Ex-Convict Particulars, RC, KD, Suspect Particulars",,,
24,"Train Beat & Platform Beat particulars to Break up",,,
25,"Comparative Statement Of Property Crimes For The Month – August - 2025-2026",,,
26,"Comparative Statement Of Property Crimes Up To The Month – August - 2025-2026",,,
27,"Property Wise Case Details for the year – 2026",,,
28,"Breakup Details for the month of August -2026",,,
29,"NDPS ACT, COTPA ACT, TNP ACT, PDS RICE Upto the Month Station Wise Abstract",,,